"uuid","name","entity_id","external_id","entity_type","budget_approver_uuid","headquarters_location","is_active","parent_uuid","date_creation","date_modification"
"ddb352fe-50c7-42ff-b744-634ea9dd716d","Lumiere Group","LUM001",NULL,"COMPANY",NULL,"Paris, France",True,NULL,"2025-02-13 17:49:09.087389+01","2025-02-13 17:49:09.087389+01"
"32488908-e614-4927-849a-a76b24127a92","Lumiere Technologies","LUM002",NULL,"COMPANY",NULL,"Lyon, France",True,"ddb352fe-50c7-42ff-b744-634ea9dd716d","2025-02-13 17:49:09.087389+01","2025-02-13 17:49:09.087389+01"
"9de47026-a0e0-4400-a0c7-51fe921d1643","Lumiere Services","LUM003",NULL,"COMPANY",NULL,"Marseille, France",True,"ddb352fe-50c7-42ff-b744-634ea9dd716d","2025-02-13 17:49:09.087389+01","2025-02-13 17:49:09.087389+01"
"c85717bc-9fca-4c1d-90ca-a6423c6971e3","Lumiere Paris Branch","BR001",NULL,"BRANCH",NULL,"Paris, France",True,"ddb352fe-50c7-42ff-b744-634ea9dd716d","2025-02-13 17:49:09.087389+01","2025-02-13 17:49:09.087389+01"
"a35d1c62-5543-4399-84be-abfcc286b131","Lumiere Lyon Branch","BR002",NULL,"BRANCH",NULL,"Lyon, France",True,"ddb352fe-50c7-42ff-b744-634ea9dd716d","2025-02-13 17:49:09.087389+01","2025-02-13 17:49:09.087389+01"
"10ccf5e5-4270-4455-8738-4bb8edcc483f","Lumiere Marseille Branch","BR003",NULL,"BRANCH",NULL,"Marseille, France",True,"ddb352fe-50c7-42ff-b744-634ea9dd716d","2025-02-13 17:49:09.087389+01","2025-02-13 17:49:09.087389+01"
"10661b7d-2f84-4134-9d95-e48014273543","Lumiere Bordeaux Branch","BR004",NULL,"BRANCH",NULL,"Bordeaux, France",True,"ddb352fe-50c7-42ff-b744-634ea9dd716d","2025-02-13 17:49:09.087389+01","2025-02-13 17:49:09.087389+01"
"9020d7ea-bdda-4dcd-8980-4f0ee0ed7a48","Lumiere Toulouse Branch","BR005",NULL,"BRANCH",NULL,"Toulouse, France",True,"ddb352fe-50c7-42ff-b744-634ea9dd716d","2025-02-13 17:49:09.087389+01","2025-02-13 17:49:09.087389+01"
"13f076e8-fb7a-4def-90b2-5bb2904369aa","Lumiere Nantes Branch","BR006",NULL,"BRANCH",NULL,"Nantes, France",True,"ddb352fe-50c7-42ff-b744-634ea9dd716d","2025-02-13 17:49:09.087389+01","2025-02-13 17:49:09.087389+01"
"d4a287a5-c10a-4a5d-aa97-7e0d5bbe2355","Lumiere Strasbourg Branch","BR007",NULL,"BRANCH",NULL,"Strasbourg, France",True,"ddb352fe-50c7-42ff-b744-634ea9dd716d","2025-02-13 17:49:09.087389+01","2025-02-13 17:49:09.087389+01"
"67156602-229f-45ee-99a8-0704ea328eef","Lumiere Lille Branch","BR008",NULL,"BRANCH",NULL,"Lille, France",True,"ddb352fe-50c7-42ff-b744-634ea9dd716d","2025-02-13 17:49:09.087389+01","2025-02-13 17:49:09.087389+01"
"362f3725-f023-44c1-bcc0-228535a2c69a","Lumiere Nice Branch","BR009",NULL,"BRANCH",NULL,"Nice, France",True,"ddb352fe-50c7-42ff-b744-634ea9dd716d","2025-02-13 17:49:09.087389+01","2025-02-13 17:49:09.087389+01"
"60b157cc-0f84-464c-8679-71bb518cb135","Lumiere Rennes Branch","BR010",NULL,"BRANCH",NULL,"Rennes, France",True,"ddb352fe-50c7-42ff-b744-634ea9dd716d","2025-02-13 17:49:09.087389+01","2025-02-13 17:49:09.087389+01"
"890b70d4-4639-43b3-b651-47866bb7889b","IT Department","DEP001",NULL,"DEPARTMENT",NULL,NULL,True,"c85717bc-9fca-4c1d-90ca-a6423c6971e3","2025-02-13 17:49:09.087389+01","2025-02-13 17:49:09.087389+01"
"891ffedb-34d5-437c-8855-ac581f900870","Human Resources","DEP002",NULL,"DEPARTMENT",NULL,NULL,True,"c85717bc-9fca-4c1d-90ca-a6423c6971e3","2025-02-13 17:49:09.087389+01","2025-02-13 17:49:09.087389+01"
"e7cdd2b2-f31e-45e6-bbd5-1cc2d82ceaba","Finance","DEP003",NULL,"DEPARTMENT",NULL,NULL,True,"c85717bc-9fca-4c1d-90ca-a6423c6971e3","2025-02-13 17:49:09.087389+01","2025-02-13 17:49:09.087389+01"
"0f992e3b-73b3-4ba9-a7f0-ba7d3e98bba6","Marketing","DEP004",NULL,"DEPARTMENT",NULL,NULL,True,"c85717bc-9fca-4c1d-90ca-a6423c6971e3","2025-02-13 17:49:09.087389+01","2025-02-13 17:49:09.087389+01"
"f4bcd813-de17-418a-a50a-f15c2d837398","Sales","DEP005",NULL,"DEPARTMENT",NULL,NULL,True,"c85717bc-9fca-4c1d-90ca-a6423c6971e3","2025-02-13 17:49:09.087389+01","2025-02-13 17:49:09.087389+01"
"f940d700-0672-43c8-9c81-c4065397797c","Operations","DEP006",NULL,"DEPARTMENT",NULL,NULL,True,"c85717bc-9fca-4c1d-90ca-a6423c6971e3","2025-02-13 17:49:09.087389+01","2025-02-13 17:49:09.087389+01"
"79c8a0d8-1ba4-4e06-9c72-349896d6efe2","Research & Development","DEP007",NULL,"DEPARTMENT",NULL,NULL,True,"c85717bc-9fca-4c1d-90ca-a6423c6971e3","2025-02-13 17:49:09.087389+01","2025-02-13 17:49:09.087389+01"
"713054b4-da1d-43d2-8669-65ed9a81ecc0","Customer Service","DEP008",NULL,"DEPARTMENT",NULL,NULL,True,"c85717bc-9fca-4c1d-90ca-a6423c6971e3","2025-02-13 17:49:09.087389+01","2025-02-13 17:49:09.087389+01"
"3a473dd6-c1b7-4016-95b3-46f086b23391","Legal","DEP009",NULL,"DEPARTMENT",NULL,NULL,True,"c85717bc-9fca-4c1d-90ca-a6423c6971e3","2025-02-13 17:49:09.087389+01","2025-02-13 17:49:09.087389+01"
"4be3d6ae-13c3-443d-8f5f-1c4481ba52f4","Procurement","DEP010",NULL,"DEPARTMENT",NULL,NULL,True,"c85717bc-9fca-4c1d-90ca-a6423c6971e3","2025-02-13 17:49:09.087389+01","2025-02-13 17:49:09.087389+01"
"618120b1-57b6-43e6-89df-4ddd0f524a27","IT Department","DEP011",NULL,"DEPARTMENT",NULL,NULL,True,"a35d1c62-5543-4399-84be-abfcc286b131","2025-02-13 17:49:09.087389+01","2025-02-13 17:49:09.087389+01"
"792793f0-a7dc-484c-b201-e55b2a2055d4","Human Resources","DEP012",NULL,"DEPARTMENT",NULL,NULL,True,"a35d1c62-5543-4399-84be-abfcc286b131","2025-02-13 17:49:09.087389+01","2025-02-13 17:49:09.087389+01"
"48594dd2-16d5-4617-b63a-98350a198202","Finance","DEP013",NULL,"DEPARTMENT",NULL,NULL,True,"a35d1c62-5543-4399-84be-abfcc286b131","2025-02-13 17:49:09.087389+01","2025-02-13 17:49:09.087389+01"
"770bb69d-a133-403d-9ce7-dbbc86bfde2f","Marketing","DEP014",NULL,"DEPARTMENT",NULL,NULL,True,"a35d1c62-5543-4399-84be-abfcc286b131","2025-02-13 17:49:09.087389+01","2025-02-13 17:49:09.087389+01"
"b78493a4-9a39-46f7-895d-ab3a7ee932c9","Sales","DEP015",NULL,"DEPARTMENT",NULL,NULL,True,"a35d1c62-5543-4399-84be-abfcc286b131","2025-02-13 17:49:09.087389+01","2025-02-13 17:49:09.087389+01"
"e26dff42-5db0-4b63-9a0d-763a789f078e","Operations","DEP016",NULL,"DEPARTMENT",NULL,NULL,True,"a35d1c62-5543-4399-84be-abfcc286b131","2025-02-13 17:49:09.087389+01","2025-02-13 17:49:09.087389+01"
"3009ef3b-6d97-4b56-a094-86746e484c98","Research & Development","DEP017",NULL,"DEPARTMENT",NULL,NULL,True,"a35d1c62-5543-4399-84be-abfcc286b131","2025-02-13 17:49:09.087389+01","2025-02-13 17:49:09.087389+01"
"fa9a31d3-f6e2-4048-918d-8f0c9b4285ea","Customer Service","DEP018",NULL,"DEPARTMENT",NULL,NULL,True,"a35d1c62-5543-4399-84be-abfcc286b131","2025-02-13 17:49:09.087389+01","2025-02-13 17:49:09.087389+01"
"5caa6311-84b4-46e3-9152-b8728832932a","Legal","DEP019",NULL,"DEPARTMENT",NULL,NULL,True,"a35d1c62-5543-4399-84be-abfcc286b131","2025-02-13 17:49:09.087389+01","2025-02-13 17:49:09.087389+01"
"2c9d291d-a6da-4753-bde6-01c87b139fb2","Procurement","DEP020",NULL,"DEPARTMENT",NULL,NULL,True,"a35d1c62-5543-4399-84be-abfcc286b131","2025-02-13 17:49:09.087389+01","2025-02-13 17:49:09.087389+01"
"400e1b60-adf7-4801-bdd8-b524466282eb","IT Department","DEP021",NULL,"DEPARTMENT",NULL,NULL,True,"10ccf5e5-4270-4455-8738-4bb8edcc483f","2025-02-13 17:49:09.087389+01","2025-02-13 17:49:09.087389+01"
"d710d2af-3a60-4e14-89f4-2a6befa4c8ef","Human Resources","DEP022",NULL,"DEPARTMENT",NULL,NULL,True,"10ccf5e5-4270-4455-8738-4bb8edcc483f","2025-02-13 17:49:09.087389+01","2025-02-13 17:49:09.087389+01"
"4312300a-aa80-49e9-a9b6-64490bf2afbf","Finance","DEP023",NULL,"DEPARTMENT",NULL,NULL,True,"10ccf5e5-4270-4455-8738-4bb8edcc483f","2025-02-13 17:49:09.087389+01","2025-02-13 17:49:09.087389+01"
"3453e5de-43a8-40e4-b988-6ded3e3d0d90","Marketing","DEP024",NULL,"DEPARTMENT",NULL,NULL,True,"10ccf5e5-4270-4455-8738-4bb8edcc483f","2025-02-13 17:49:09.087389+01","2025-02-13 17:49:09.087389+01"
"64920744-b9b8-4118-9a16-1818e2b91d02","Sales","DEP025",NULL,"DEPARTMENT",NULL,NULL,True,"10ccf5e5-4270-4455-8738-4bb8edcc483f","2025-02-13 17:49:09.087389+01","2025-02-13 17:49:09.087389+01"
"1dcdcb82-9c93-4c05-8c3b-791cc1603508","Operations","DEP026",NULL,"DEPARTMENT",NULL,NULL,True,"10ccf5e5-4270-4455-8738-4bb8edcc483f","2025-02-13 17:49:09.087389+01","2025-02-13 17:49:09.087389+01"
"eb388ccd-0cf3-4467-8cf6-f9a91620bf7a","Research & Development","DEP027",NULL,"DEPARTMENT",NULL,NULL,True,"10ccf5e5-4270-4455-8738-4bb8edcc483f","2025-02-13 17:49:09.087389+01","2025-02-13 17:49:09.087389+01"
"ecac2af4-d2d1-4b59-9530-e9f97aaab892","Customer Service","DEP028",NULL,"DEPARTMENT",NULL,NULL,True,"10ccf5e5-4270-4455-8738-4bb8edcc483f","2025-02-13 17:49:09.087389+01","2025-02-13 17:49:09.087389+01"
"40761d85-3da2-44ac-91cb-d75f7c6adb14","Legal","DEP029",NULL,"DEPARTMENT",NULL,NULL,True,"10ccf5e5-4270-4455-8738-4bb8edcc483f","2025-02-13 17:49:09.087389+01","2025-02-13 17:49:09.087389+01"
"b25538f0-4e09-4aea-8a92-b28b37c7f478","Procurement","DEP030",NULL,"DEPARTMENT",NULL,NULL,True,"10ccf5e5-4270-4455-8738-4bb8edcc483f","2025-02-13 17:49:09.087389+01","2025-02-13 17:49:09.087389+01"
"8455ed6b-4ae4-46b1-80f1-dc312d9f7e23","IT Department","DEP031",NULL,"DEPARTMENT",NULL,NULL,True,"10661b7d-2f84-4134-9d95-e48014273543","2025-02-13 17:49:09.087389+01","2025-02-13 17:49:09.087389+01"
"c4c2e424-9727-488a-bc59-277e2c4a055d","Human Resources","DEP032",NULL,"DEPARTMENT",NULL,NULL,True,"10661b7d-2f84-4134-9d95-e48014273543","2025-02-13 17:49:09.087389+01","2025-02-13 17:49:09.087389+01"
"945a6e50-8b20-4d3e-9f6a-cafe35c4e640","Finance","DEP033",NULL,"DEPARTMENT",NULL,NULL,True,"10661b7d-2f84-4134-9d95-e48014273543","2025-02-13 17:49:09.087389+01","2025-02-13 17:49:09.087389+01"
"01f2376e-53d6-42d2-b120-a5db34346026","Marketing","DEP034",NULL,"DEPARTMENT",NULL,NULL,True,"10661b7d-2f84-4134-9d95-e48014273543","2025-02-13 17:49:09.087389+01","2025-02-13 17:49:09.087389+01"
"58721efa-451f-4e26-a4fc-d8ef1e535f58","Sales","DEP035",NULL,"DEPARTMENT",NULL,NULL,True,"10661b7d-2f84-4134-9d95-e48014273543","2025-02-13 17:49:09.087389+01","2025-02-13 17:49:09.087389+01"
"602e8b14-e251-4afb-a2ab-e6b15b0b6ea1","Operations","DEP036",NULL,"DEPARTMENT",NULL,NULL,True,"10661b7d-2f84-4134-9d95-e48014273543","2025-02-13 17:49:09.087389+01","2025-02-13 17:49:09.087389+01"
"f27c5028-6a37-44a9-912b-e5962c53a61f","Research & Development","DEP037",NULL,"DEPARTMENT",NULL,NULL,True,"10661b7d-2f84-4134-9d95-e48014273543","2025-02-13 17:49:09.087389+01","2025-02-13 17:49:09.087389+01"
"8a8fa30a-ea83-4fb4-af29-d6c429d5e7e5","Customer Service","DEP038",NULL,"DEPARTMENT",NULL,NULL,True,"10661b7d-2f84-4134-9d95-e48014273543","2025-02-13 17:49:09.087389+01","2025-02-13 17:49:09.087389+01"
"1e4d09cb-56fd-4144-8601-26ea5eefb9b7","Legal","DEP039",NULL,"DEPARTMENT",NULL,NULL,True,"10661b7d-2f84-4134-9d95-e48014273543","2025-02-13 17:49:09.087389+01","2025-02-13 17:49:09.087389+01"
"a0ecf433-d14e-4dfb-b82f-82d2afad97e0","Procurement","DEP040",NULL,"DEPARTMENT",NULL,NULL,True,"10661b7d-2f84-4134-9d95-e48014273543","2025-02-13 17:49:09.087389+01","2025-02-13 17:49:09.087389+01"
"a37f0cd8-8853-4ea0-bec1-0b95471e6fdb","IT Department","DEP041",NULL,"DEPARTMENT",NULL,NULL,True,"9020d7ea-bdda-4dcd-8980-4f0ee0ed7a48","2025-02-13 17:49:09.087389+01","2025-02-13 17:49:09.087389+01"
"45afa7c4-53a2-468d-a558-368bdb6553be","Human Resources","DEP042",NULL,"DEPARTMENT",NULL,NULL,True,"9020d7ea-bdda-4dcd-8980-4f0ee0ed7a48","2025-02-13 17:49:09.087389+01","2025-02-13 17:49:09.087389+01"
"17ab5ad2-372f-4b84-ad9e-4e917a1d7c56","Finance","DEP043",NULL,"DEPARTMENT",NULL,NULL,True,"9020d7ea-bdda-4dcd-8980-4f0ee0ed7a48","2025-02-13 17:49:09.087389+01","2025-02-13 17:49:09.087389+01"
"cec5a0d0-3520-45a4-a475-f425aad3de24","Marketing","DEP044",NULL,"DEPARTMENT",NULL,NULL,True,"9020d7ea-bdda-4dcd-8980-4f0ee0ed7a48","2025-02-13 17:49:09.087389+01","2025-02-13 17:49:09.087389+01"
"06929276-da1a-45e3-b90a-f3d52746cc41","Sales","DEP045",NULL,"DEPARTMENT",NULL,NULL,True,"9020d7ea-bdda-4dcd-8980-4f0ee0ed7a48","2025-02-13 17:49:09.087389+01","2025-02-13 17:49:09.087389+01"
"44bf7474-7936-4ddb-8818-9e5493c80497","Operations","DEP046",NULL,"DEPARTMENT",NULL,NULL,True,"9020d7ea-bdda-4dcd-8980-4f0ee0ed7a48","2025-02-13 17:49:09.087389+01","2025-02-13 17:49:09.087389+01"
"3a8f2dd3-6c23-4b94-9f25-09d0dbdb287d","Research & Development","DEP047",NULL,"DEPARTMENT",NULL,NULL,True,"9020d7ea-bdda-4dcd-8980-4f0ee0ed7a48","2025-02-13 17:49:09.087389+01","2025-02-13 17:49:09.087389+01"
"d163ec42-6234-4f7e-a3cc-44c0b95d1d4e","Customer Service","DEP048",NULL,"DEPARTMENT",NULL,NULL,True,"9020d7ea-bdda-4dcd-8980-4f0ee0ed7a48","2025-02-13 17:49:09.087389+01","2025-02-13 17:49:09.087389+01"
"e7c96cdf-309f-4046-aea7-c8982dbfdb9c","Legal","DEP049",NULL,"DEPARTMENT",NULL,NULL,True,"9020d7ea-bdda-4dcd-8980-4f0ee0ed7a48","2025-02-13 17:49:09.087389+01","2025-02-13 17:49:09.087389+01"
"394c0803-ccb9-43d9-94bc-07d976692562","Procurement","DEP050",NULL,"DEPARTMENT",NULL,NULL,True,"9020d7ea-bdda-4dcd-8980-4f0ee0ed7a48","2025-02-13 17:49:09.087389+01","2025-02-13 17:49:09.087389+01"
"24a5f4d5-1b43-487c-8164-097500192a62","IT Department","DEP051",NULL,"DEPARTMENT",NULL,NULL,True,"13f076e8-fb7a-4def-90b2-5bb2904369aa","2025-02-13 17:49:09.087389+01","2025-02-13 17:49:09.087389+01"
"5ea2f5b5-cea7-4510-835a-f3dd3f5ad627","Human Resources","DEP052",NULL,"DEPARTMENT",NULL,NULL,True,"13f076e8-fb7a-4def-90b2-5bb2904369aa","2025-02-13 17:49:09.087389+01","2025-02-13 17:49:09.087389+01"
"a11694c0-3e91-4ef6-aeda-396240736567","Finance","DEP053",NULL,"DEPARTMENT",NULL,NULL,True,"13f076e8-fb7a-4def-90b2-5bb2904369aa","2025-02-13 17:49:09.087389+01","2025-02-13 17:49:09.087389+01"
"84374e2e-f1e2-4405-9eb5-24dde6026587","Marketing","DEP054",NULL,"DEPARTMENT",NULL,NULL,True,"13f076e8-fb7a-4def-90b2-5bb2904369aa","2025-02-13 17:49:09.087389+01","2025-02-13 17:49:09.087389+01"
"7e673532-92fe-4879-abf0-e0bcf8159ade","Sales","DEP055",NULL,"DEPARTMENT",NULL,NULL,True,"13f076e8-fb7a-4def-90b2-5bb2904369aa","2025-02-13 17:49:09.087389+01","2025-02-13 17:49:09.087389+01"
"b60f8ece-6232-4bc4-b44f-5bde3e079c9f","Operations","DEP056",NULL,"DEPARTMENT",NULL,NULL,True,"13f076e8-fb7a-4def-90b2-5bb2904369aa","2025-02-13 17:49:09.087389+01","2025-02-13 17:49:09.087389+01"
"8baf8248-d29d-4177-920b-b7449924a04c","Research & Development","DEP057",NULL,"DEPARTMENT",NULL,NULL,True,"13f076e8-fb7a-4def-90b2-5bb2904369aa","2025-02-13 17:49:09.087389+01","2025-02-13 17:49:09.087389+01"
"f1bd821b-918a-4448-9382-2bbe726f931e","Customer Service","DEP058",NULL,"DEPARTMENT",NULL,NULL,True,"13f076e8-fb7a-4def-90b2-5bb2904369aa","2025-02-13 17:49:09.087389+01","2025-02-13 17:49:09.087389+01"
"258ac28d-8910-4466-8a06-780a426c4c64","Legal","DEP059",NULL,"DEPARTMENT",NULL,NULL,True,"13f076e8-fb7a-4def-90b2-5bb2904369aa","2025-02-13 17:49:09.087389+01","2025-02-13 17:49:09.087389+01"
"4920826e-7eb8-4aea-8416-02c45f68be23","Procurement","DEP060",NULL,"DEPARTMENT",NULL,NULL,True,"13f076e8-fb7a-4def-90b2-5bb2904369aa","2025-02-13 17:49:09.087389+01","2025-02-13 17:49:09.087389+01"
"f96d8dce-f0e9-447d-999d-8f12bafcf0f8","IT Department","DEP061",NULL,"DEPARTMENT",NULL,NULL,True,"d4a287a5-c10a-4a5d-aa97-7e0d5bbe2355","2025-02-13 17:49:09.087389+01","2025-02-13 17:49:09.087389+01"
"7d6e4ee5-9670-4b46-ad29-353a6c779363","Human Resources","DEP062",NULL,"DEPARTMENT",NULL,NULL,True,"d4a287a5-c10a-4a5d-aa97-7e0d5bbe2355","2025-02-13 17:49:09.087389+01","2025-02-13 17:49:09.087389+01"
"faca77c5-2225-4743-a12b-ae61c0625fdc","Finance","DEP063",NULL,"DEPARTMENT",NULL,NULL,True,"d4a287a5-c10a-4a5d-aa97-7e0d5bbe2355","2025-02-13 17:49:09.087389+01","2025-02-13 17:49:09.087389+01"
"628a4b8f-5cf7-4820-9238-7899e04b788a","Marketing","DEP064",NULL,"DEPARTMENT",NULL,NULL,True,"d4a287a5-c10a-4a5d-aa97-7e0d5bbe2355","2025-02-13 17:49:09.087389+01","2025-02-13 17:49:09.087389+01"
"4f83766b-d0c4-48bb-9784-5ad64d6bd438","Sales","DEP065",NULL,"DEPARTMENT",NULL,NULL,True,"d4a287a5-c10a-4a5d-aa97-7e0d5bbe2355","2025-02-13 17:49:09.087389+01","2025-02-13 17:49:09.087389+01"
"0c97012a-b814-49b2-bc8f-87240ca5e086","Operations","DEP066",NULL,"DEPARTMENT",NULL,NULL,True,"d4a287a5-c10a-4a5d-aa97-7e0d5bbe2355","2025-02-13 17:49:09.087389+01","2025-02-13 17:49:09.087389+01"
"2fd0fea5-468f-431a-a676-f55bc0921f86","Research & Development","DEP067",NULL,"DEPARTMENT",NULL,NULL,True,"d4a287a5-c10a-4a5d-aa97-7e0d5bbe2355","2025-02-13 17:49:09.087389+01","2025-02-13 17:49:09.087389+01"
"a4fe0503-91a7-4ef3-93c1-0ff13c16ff6f","Customer Service","DEP068",NULL,"DEPARTMENT",NULL,NULL,True,"d4a287a5-c10a-4a5d-aa97-7e0d5bbe2355","2025-02-13 17:49:09.087389+01","2025-02-13 17:49:09.087389+01"
"faf1e93f-00b2-417b-bca2-c92812a4e8ec","Legal","DEP069",NULL,"DEPARTMENT",NULL,NULL,True,"d4a287a5-c10a-4a5d-aa97-7e0d5bbe2355","2025-02-13 17:49:09.087389+01","2025-02-13 17:49:09.087389+01"
"54cf1988-fbc1-4ce2-8e76-0bdab12d2f80","Procurement","DEP070",NULL,"DEPARTMENT",NULL,NULL,True,"d4a287a5-c10a-4a5d-aa97-7e0d5bbe2355","2025-02-13 17:49:09.087389+01","2025-02-13 17:49:09.087389+01"
"84d2a328-037f-443d-8d1e-0b81115d6fea","IT Department","DEP071",NULL,"DEPARTMENT",NULL,NULL,True,"67156602-229f-45ee-99a8-0704ea328eef","2025-02-13 17:49:09.087389+01","2025-02-13 17:49:09.087389+01"
"fa3f2ed6-8d88-4193-8db6-5cf1b8356a17","Human Resources","DEP072",NULL,"DEPARTMENT",NULL,NULL,True,"67156602-229f-45ee-99a8-0704ea328eef","2025-02-13 17:49:09.087389+01","2025-02-13 17:49:09.087389+01"
"769ac869-9321-4711-829c-65cd1bea056f","Finance","DEP073",NULL,"DEPARTMENT",NULL,NULL,True,"67156602-229f-45ee-99a8-0704ea328eef","2025-02-13 17:49:09.087389+01","2025-02-13 17:49:09.087389+01"
"cb41e5d5-6032-46fb-a623-c2154ba55e8a","Marketing","DEP074",NULL,"DEPARTMENT",NULL,NULL,True,"67156602-229f-45ee-99a8-0704ea328eef","2025-02-13 17:49:09.087389+01","2025-02-13 17:49:09.087389+01"
"36782404-f750-4081-9a04-6ab9d5d14960","Sales","DEP075",NULL,"DEPARTMENT",NULL,NULL,True,"67156602-229f-45ee-99a8-0704ea328eef","2025-02-13 17:49:09.087389+01","2025-02-13 17:49:09.087389+01"
"4f7d7379-d672-4457-aedd-ec22706d4c8e","Operations","DEP076",NULL,"DEPARTMENT",NULL,NULL,True,"67156602-229f-45ee-99a8-0704ea328eef","2025-02-13 17:49:09.087389+01","2025-02-13 17:49:09.087389+01"
"24e761a9-03c4-4ed1-ae74-81e7933236fc","Research & Development","DEP077",NULL,"DEPARTMENT",NULL,NULL,True,"67156602-229f-45ee-99a8-0704ea328eef","2025-02-13 17:49:09.087389+01","2025-02-13 17:49:09.087389+01"
"99f8e650-b543-40b6-9b00-4b0d1fc1aba0","Customer Service","DEP078",NULL,"DEPARTMENT",NULL,NULL,True,"67156602-229f-45ee-99a8-0704ea328eef","2025-02-13 17:49:09.087389+01","2025-02-13 17:49:09.087389+01"
"68d94610-276f-45e8-b812-aa418be4b59e","Legal","DEP079",NULL,"DEPARTMENT",NULL,NULL,True,"67156602-229f-45ee-99a8-0704ea328eef","2025-02-13 17:49:09.087389+01","2025-02-13 17:49:09.087389+01"
"07dbc692-c1de-482c-9e11-db25c575c2b8","Procurement","DEP080",NULL,"DEPARTMENT",NULL,NULL,True,"67156602-229f-45ee-99a8-0704ea328eef","2025-02-13 17:49:09.087389+01","2025-02-13 17:49:09.087389+01"
"c4a383e9-65d1-408c-9325-7505c6621fe4","IT Department","DEP081",NULL,"DEPARTMENT",NULL,NULL,True,"362f3725-f023-44c1-bcc0-228535a2c69a","2025-02-13 17:49:09.087389+01","2025-02-13 17:49:09.087389+01"
"40bb57ee-c1b9-4ead-aa1e-1fb8f181bdaf","Human Resources","DEP082",NULL,"DEPARTMENT",NULL,NULL,True,"362f3725-f023-44c1-bcc0-228535a2c69a","2025-02-13 17:49:09.087389+01","2025-02-13 17:49:09.087389+01"
"bced7ce1-23c2-4705-8c33-b618f69f3b2e","Finance","DEP083",NULL,"DEPARTMENT",NULL,NULL,True,"362f3725-f023-44c1-bcc0-228535a2c69a","2025-02-13 17:49:09.087389+01","2025-02-13 17:49:09.087389+01"
"d2db9fb4-e918-4ad6-9ec8-0c9697a8897a","Marketing","DEP084",NULL,"DEPARTMENT",NULL,NULL,True,"362f3725-f023-44c1-bcc0-228535a2c69a","2025-02-13 17:49:09.087389+01","2025-02-13 17:49:09.087389+01"
"64066e5f-cb62-429f-a833-b89597d3cb0b","Sales","DEP085",NULL,"DEPARTMENT",NULL,NULL,True,"362f3725-f023-44c1-bcc0-228535a2c69a","2025-02-13 17:49:09.087389+01","2025-02-13 17:49:09.087389+01"
"19c5d268-77db-4c0a-8e85-3c6f22c52f1b","Operations","DEP086",NULL,"DEPARTMENT",NULL,NULL,True,"362f3725-f023-44c1-bcc0-228535a2c69a","2025-02-13 17:49:09.087389+01","2025-02-13 17:49:09.087389+01"
"10813f4b-de34-4699-9c69-6e954cf487cc","Research & Development","DEP087",NULL,"DEPARTMENT",NULL,NULL,True,"362f3725-f023-44c1-bcc0-228535a2c69a","2025-02-13 17:49:09.087389+01","2025-02-13 17:49:09.087389+01"
"7c17aca9-2426-4122-9b2f-3bc96ed76a74","Customer Service","DEP088",NULL,"DEPARTMENT",NULL,NULL,True,"362f3725-f023-44c1-bcc0-228535a2c69a","2025-02-13 17:49:09.087389+01","2025-02-13 17:49:09.087389+01"
"0a694c7f-e5bc-4d66-a8ff-f1da5e38880f","Legal","DEP089",NULL,"DEPARTMENT",NULL,NULL,True,"362f3725-f023-44c1-bcc0-228535a2c69a","2025-02-13 17:49:09.087389+01","2025-02-13 17:49:09.087389+01"
"60a60db2-7715-4aca-b103-15d1b78d9117","Procurement","DEP090",NULL,"DEPARTMENT",NULL,NULL,True,"362f3725-f023-44c1-bcc0-228535a2c69a","2025-02-13 17:49:09.087389+01","2025-02-13 17:49:09.087389+01"
"9d6e2b60-3884-4dd0-b78a-6bc4c28fb293","IT Department","DEP091",NULL,"DEPARTMENT",NULL,NULL,True,"60b157cc-0f84-464c-8679-71bb518cb135","2025-02-13 17:49:09.087389+01","2025-02-13 17:49:09.087389+01"
"39717993-bf0c-4621-b585-1b549d3cbfeb","Human Resources","DEP092",NULL,"DEPARTMENT",NULL,NULL,True,"60b157cc-0f84-464c-8679-71bb518cb135","2025-02-13 17:49:09.087389+01","2025-02-13 17:49:09.087389+01"
"69fa472c-ee2e-4e35-8d1a-918a4a9bda51","Finance","DEP093",NULL,"DEPARTMENT",NULL,NULL,True,"60b157cc-0f84-464c-8679-71bb518cb135","2025-02-13 17:49:09.087389+01","2025-02-13 17:49:09.087389+01"
"35ca3ca8-cbc4-4808-99ca-ef104239f7a8","Marketing","DEP094",NULL,"DEPARTMENT",NULL,NULL,True,"60b157cc-0f84-464c-8679-71bb518cb135","2025-02-13 17:49:09.087389+01","2025-02-13 17:49:09.087389+01"
"00372884-f84d-4a3b-973c-6f3a75d5a8d7","Sales","DEP095",NULL,"DEPARTMENT",NULL,NULL,True,"60b157cc-0f84-464c-8679-71bb518cb135","2025-02-13 17:49:09.087389+01","2025-02-13 17:49:09.087389+01"
"fdff4035-fd9c-45c0-9fed-3151e07c3b96","Operations","DEP096",NULL,"DEPARTMENT",NULL,NULL,True,"60b157cc-0f84-464c-8679-71bb518cb135","2025-02-13 17:49:09.087389+01","2025-02-13 17:49:09.087389+01"
"da027a25-1489-466b-b118-7036c3cbc0f3","Research & Development","DEP097",NULL,"DEPARTMENT",NULL,NULL,True,"60b157cc-0f84-464c-8679-71bb518cb135","2025-02-13 17:49:09.087389+01","2025-02-13 17:49:09.087389+01"
"6ee7c6f5-2e28-42b7-9220-384e57e7b36f","Customer Service","DEP098",NULL,"DEPARTMENT",NULL,NULL,True,"60b157cc-0f84-464c-8679-71bb518cb135","2025-02-13 17:49:09.087389+01","2025-02-13 17:49:09.087389+01"
"906b7603-b5b2-4f59-832f-c02bd8e30e2c","Legal","DEP099",NULL,"DEPARTMENT",NULL,NULL,True,"60b157cc-0f84-464c-8679-71bb518cb135","2025-02-13 17:49:09.087389+01","2025-02-13 17:49:09.087389+01"
"ef6cb629-e975-4a69-8c1b-44791f324205","Procurement","DEP100",NULL,"DEPARTMENT",NULL,NULL,True,"60b157cc-0f84-464c-8679-71bb518cb135","2025-02-13 17:49:09.087389+01","2025-02-13 17:49:09.087389+01"
"c0d28f69-ddba-495d-8f5e-b89d42e64f58","Supplier TechPro Solutions","SUP001",NULL,"SUPPLIER",NULL,"Paris, France",True,NULL,"2025-02-13 17:49:09.087389+01","2025-02-13 17:49:09.087389+01"
"7d1f9d10-e74d-4cb4-8f5d-b1716aca0173","Supplier DataSys Corp","SUP002",NULL,"SUPPLIER",NULL,"Lyon, France",True,NULL,"2025-02-13 17:49:09.087389+01","2025-02-13 17:49:09.087389+01"
"9a39e4b3-64c7-42ba-aa8e-fe60d7c790cd","Supplier NetworkGear","SUP003",NULL,"SUPPLIER",NULL,"Marseille, France",True,NULL,"2025-02-13 17:49:09.087389+01","2025-02-13 17:49:09.087389+01"
"8ebe286c-53bc-4924-9f16-8f6d82e2cb1e","Supplier CloudServe","SUP004",NULL,"SUPPLIER",NULL,"Bordeaux, France",True,NULL,"2025-02-13 17:49:09.087389+01","2025-02-13 17:49:09.087389+01"
"9ca9f7bf-6ad9-4c63-83eb-7a5571a6fd7c","Supplier SecureIT","SUP005",NULL,"SUPPLIER",NULL,"Toulouse, France",True,NULL,"2025-02-13 17:49:09.087389+01","2025-02-13 17:49:09.087389+01"
"3a6e64f7-0454-4ddb-8f3e-61c7f6a12f7b","Supplier SoftwarePro","SUP006",NULL,"SUPPLIER",NULL,"Nantes, France",True,NULL,"2025-02-13 17:49:09.087389+01","2025-02-13 17:49:09.087389+01"
"51b30ff9-4f39-4ce9-b50c-db9760099a1c","Supplier HardwareHub","SUP007",NULL,"SUPPLIER",NULL,"Strasbourg, France",True,NULL,"2025-02-13 17:49:09.087389+01","2025-02-13 17:49:09.087389+01"
"8abca6cd-9767-47bb-8c5a-b5616203d794","Supplier ConsultingPlus","SUP008",NULL,"SUPPLIER",NULL,"Lille, France",True,NULL,"2025-02-13 17:49:09.087389+01","2025-02-13 17:49:09.087389+01"
"301b3a37-f977-450e-ae59-258226d36f02","Supplier ITServices","SUP009",NULL,"SUPPLIER",NULL,"Nice, France",True,NULL,"2025-02-13 17:49:09.087389+01","2025-02-13 17:49:09.087389+01"
"006ff772-8689-4586-867f-49d87ea474d5","Supplier TechSupport","SUP010",NULL,"SUPPLIER",NULL,"Rennes, France",True,NULL,"2025-02-13 17:49:09.087389+01","2025-02-13 17:49:09.087389+01"
"5948a68d-a87c-4cad-8aea-df9ba79d3038","Customer 1","CUS001",NULL,"CUSTOMER",NULL,"Paris, France",True,NULL,"2025-02-13 17:49:09.087389+01","2025-02-13 17:49:09.087389+01"
"be9a59fd-8f1f-4f39-a89b-1fbc6c2f110b","Customer 2","CUS002",NULL,"CUSTOMER",NULL,"Lyon, France",True,NULL,"2025-02-13 17:49:09.087389+01","2025-02-13 17:49:09.087389+01"
"9497cb63-51cc-461c-b582-93322f596c2b","Customer 3","CUS003",NULL,"CUSTOMER",NULL,"Marseille, France",True,NULL,"2025-02-13 17:49:09.087389+01","2025-02-13 17:49:09.087389+01"
"c86f34e5-b141-44ef-bf69-fbd6f06fbaf7","Customer 4","CUS004",NULL,"CUSTOMER",NULL,"Bordeaux, France",True,NULL,"2025-02-13 17:49:09.087389+01","2025-02-13 17:49:09.087389+01"
"4a63d4ad-71ca-41b6-b89a-c64843361ca3","Customer 5","CUS005",NULL,"CUSTOMER",NULL,"Toulouse, France",True,NULL,"2025-02-13 17:49:09.087389+01","2025-02-13 17:49:09.087389+01"
"7838449c-7289-49c0-a1a8-685137f03767","Customer 6","CUS006",NULL,"CUSTOMER",NULL,"Nantes, France",True,NULL,"2025-02-13 17:49:09.087389+01","2025-02-13 17:49:09.087389+01"
"eb8c4ba0-cf71-4560-9050-60cfe1caea18","Customer 7","CUS007",NULL,"CUSTOMER",NULL,"Strasbourg, France",True,NULL,"2025-02-13 17:49:09.087389+01","2025-02-13 17:49:09.087389+01"
"5d187b33-232e-4ff4-8c5e-8c886c3a7f86","Customer 8","CUS008",NULL,"CUSTOMER",NULL,"Lille, France",True,NULL,"2025-02-13 17:49:09.087389+01","2025-02-13 17:49:09.087389+01"
"1ed146ee-d99b-406e-a70e-cc47b3fcbfbc","Customer 9","CUS009",NULL,"CUSTOMER",NULL,"Nice, France",True,NULL,"2025-02-13 17:49:09.087389+01","2025-02-13 17:49:09.087389+01"
"60e1cfeb-66b6-4730-872d-0a3b1f5cc529","Customer 10","CUS010",NULL,"CUSTOMER",NULL,"Rennes, France",True,NULL,"2025-02-13 17:49:09.087389+01","2025-02-13 17:49:09.087389+01"
"fe38c692-7c89-4eaf-8d8f-47d3c9efd009","Customer 11","CUS011",NULL,"CUSTOMER",NULL,"Paris, France",True,NULL,"2025-02-13 17:49:09.087389+01","2025-02-13 17:49:09.087389+01"
"800fb5f3-054e-432d-a2a3-399346093440","Customer 12","CUS012",NULL,"CUSTOMER",NULL,"Lyon, France",True,NULL,"2025-02-13 17:49:09.087389+01","2025-02-13 17:49:09.087389+01"
"8ca370d9-1fa4-45c3-9f85-0c89c88deeb5","Customer 13","CUS013",NULL,"CUSTOMER",NULL,"Marseille, France",True,NULL,"2025-02-13 17:49:09.087389+01","2025-02-13 17:49:09.087389+01"
"38283d64-c9aa-431c-98a5-fb8da8ba4877","Customer 14","CUS014",NULL,"CUSTOMER",NULL,"Bordeaux, France",True,NULL,"2025-02-13 17:49:09.087389+01","2025-02-13 17:49:09.087389+01"
"6025d332-739b-4701-802f-758b9ca737cf","Customer 15","CUS015",NULL,"CUSTOMER",NULL,"Toulouse, France",True,NULL,"2025-02-13 17:49:09.087389+01","2025-02-13 17:49:09.087389+01"
"b368053b-89d5-4d16-aff7-854aa6959b3e","Customer 16","CUS016",NULL,"CUSTOMER",NULL,"Nantes, France",True,NULL,"2025-02-13 17:49:09.087389+01","2025-02-13 17:49:09.087389+01"
"fe524dc1-783c-4fa6-91ab-1581a587c79f","Customer 17","CUS017",NULL,"CUSTOMER",NULL,"Strasbourg, France",True,NULL,"2025-02-13 17:49:09.087389+01","2025-02-13 17:49:09.087389+01"
"87e19967-9c5a-4982-8c11-083dc2fd0423","Customer 18","CUS018",NULL,"CUSTOMER",NULL,"Lille, France",True,NULL,"2025-02-13 17:49:09.087389+01","2025-02-13 17:49:09.087389+01"
"b6c3c9b4-b1cd-471a-8917-4645ab08f22b","Customer 19","CUS019",NULL,"CUSTOMER",NULL,"Nice, France",True,NULL,"2025-02-13 17:49:09.087389+01","2025-02-13 17:49:09.087389+01"
"2aa4ab69-e563-42db-8a7f-293d9be0de66","Customer 20","CUS020",NULL,"CUSTOMER",NULL,"Rennes, France",True,NULL,"2025-02-13 17:49:09.087389+01","2025-02-13 17:49:09.087389+01"
"773ae4b0-f688-4ec4-b38d-73618db763c3","Customer 21","CUS021",NULL,"CUSTOMER",NULL,"Paris, France",True,NULL,"2025-02-13 17:49:09.087389+01","2025-02-13 17:49:09.087389+01"
"b0189f14-023e-4fb3-b015-77d127225d50","Customer 22","CUS022",NULL,"CUSTOMER",NULL,"Lyon, France",True,NULL,"2025-02-13 17:49:09.087389+01","2025-02-13 17:49:09.087389+01"
"22eb3aec-1ee3-479e-a566-53c81434ff92","Customer 23","CUS023",NULL,"CUSTOMER",NULL,"Marseille, France",True,NULL,"2025-02-13 17:49:09.087389+01","2025-02-13 17:49:09.087389+01"
"d95aa1f9-39fb-45be-be6b-d419550d3fbd","Customer 24","CUS024",NULL,"CUSTOMER",NULL,"Bordeaux, France",True,NULL,"2025-02-13 17:49:09.087389+01","2025-02-13 17:49:09.087389+01"
"7dc4d240-7fad-4a1b-bb88-5486a34fee74","Customer 25","CUS025",NULL,"CUSTOMER",NULL,"Toulouse, France",True,NULL,"2025-02-13 17:49:09.087389+01","2025-02-13 17:49:09.087389+01"
"999d7dcf-e51d-4c93-b810-5a48a9f330a5","Customer 26","CUS026",NULL,"CUSTOMER",NULL,"Nantes, France",True,NULL,"2025-02-13 17:49:09.087389+01","2025-02-13 17:49:09.087389+01"
"1d747439-d9a8-40df-a970-bb12418faa45","Customer 27","CUS027",NULL,"CUSTOMER",NULL,"Strasbourg, France",True,NULL,"2025-02-13 17:49:09.087389+01","2025-02-13 17:49:09.087389+01"
"3e1f7932-9e64-4aa8-b81f-7d309e84de87","Customer 28","CUS028",NULL,"CUSTOMER",NULL,"Lille, France",True,NULL,"2025-02-13 17:49:09.087389+01","2025-02-13 17:49:09.087389+01"
"1f48780d-8a9b-42a6-b571-2c30e7848dc3","Customer 29","CUS029",NULL,"CUSTOMER",NULL,"Nice, France",True,NULL,"2025-02-13 17:49:09.087389+01","2025-02-13 17:49:09.087389+01"
"c5d937c7-dc25-445d-a855-f76f5e5de0e2","Customer 30","CUS030",NULL,"CUSTOMER",NULL,"Rennes, France",True,NULL,"2025-02-13 17:49:09.087389+01","2025-02-13 17:49:09.087389+01"
"db0617c8-7de8-4870-b5e2-be1a0db29b14","Customer 31","CUS031",NULL,"CUSTOMER",NULL,"Paris, France",True,NULL,"2025-02-13 17:49:09.087389+01","2025-02-13 17:49:09.087389+01"
"9e202628-9616-47de-8987-71590e6efcb2","Customer 32","CUS032",NULL,"CUSTOMER",NULL,"Lyon, France",True,NULL,"2025-02-13 17:49:09.087389+01","2025-02-13 17:49:09.087389+01"
"2999eb4c-e8cf-48c8-9b82-cbd977de3672","Customer 33","CUS033",NULL,"CUSTOMER",NULL,"Marseille, France",True,NULL,"2025-02-13 17:49:09.087389+01","2025-02-13 17:49:09.087389+01"
"0bda308a-c539-4906-9647-f86cc777e660","Customer 34","CUS034",NULL,"CUSTOMER",NULL,"Bordeaux, France",True,NULL,"2025-02-13 17:49:09.087389+01","2025-02-13 17:49:09.087389+01"
"a72a1d79-fd67-4905-9be4-05eccda25ffd","Customer 35","CUS035",NULL,"CUSTOMER",NULL,"Toulouse, France",True,NULL,"2025-02-13 17:49:09.087389+01","2025-02-13 17:49:09.087389+01"
"82fd508a-114a-47af-9648-f63b16972791","Customer 36","CUS036",NULL,"CUSTOMER",NULL,"Nantes, France",True,NULL,"2025-02-13 17:49:09.087389+01","2025-02-13 17:49:09.087389+01"
"a12a83cb-b5bb-4991-834a-9ff61866b8eb","Customer 37","CUS037",NULL,"CUSTOMER",NULL,"Strasbourg, France",True,NULL,"2025-02-13 17:49:09.087389+01","2025-02-13 17:49:09.087389+01"
"4f30a94c-37f4-484e-9e38-12a44235e0b8","Customer 38","CUS038",NULL,"CUSTOMER",NULL,"Lille, France",True,NULL,"2025-02-13 17:49:09.087389+01","2025-02-13 17:49:09.087389+01"
"99266267-d596-4b36-87f4-468802d03a15","Customer 39","CUS039",NULL,"CUSTOMER",NULL,"Nice, France",True,NULL,"2025-02-13 17:49:09.087389+01","2025-02-13 17:49:09.087389+01"
"6e540979-85e7-4117-a322-a1da6781f784","Customer 40","CUS040",NULL,"CUSTOMER",NULL,"Rennes, France",True,NULL,"2025-02-13 17:49:09.087389+01","2025-02-13 17:49:09.087389+01"
"5928c049-9129-4c2c-95f1-6fe0d7e64ff9","Customer 41","CUS041",NULL,"CUSTOMER",NULL,"Paris, France",True,NULL,"2025-02-13 17:49:09.087389+01","2025-02-13 17:49:09.087389+01"
"c906ceca-4e97-4073-b7a7-fc3131d7c2dc","Customer 42","CUS042",NULL,"CUSTOMER",NULL,"Lyon, France",True,NULL,"2025-02-13 17:49:09.087389+01","2025-02-13 17:49:09.087389+01"
"4a92ddcc-842e-4f1a-8dfb-38a6d4b84bf2","Customer 43","CUS043",NULL,"CUSTOMER",NULL,"Marseille, France",True,NULL,"2025-02-13 17:49:09.087389+01","2025-02-13 17:49:09.087389+01"
"9190e6a7-7d0c-47ed-a535-0f5c301bac68","Customer 44","CUS044",NULL,"CUSTOMER",NULL,"Bordeaux, France",True,NULL,"2025-02-13 17:49:09.087389+01","2025-02-13 17:49:09.087389+01"
"ee0d9db2-a77d-49a1-843b-d35ae664f3f3","Customer 45","CUS045",NULL,"CUSTOMER",NULL,"Toulouse, France",True,NULL,"2025-02-13 17:49:09.087389+01","2025-02-13 17:49:09.087389+01"
"2cc47f9d-0cdb-4f6e-8acb-2493a726f514","Customer 46","CUS046",NULL,"CUSTOMER",NULL,"Nantes, France",True,NULL,"2025-02-13 17:49:09.087389+01","2025-02-13 17:49:09.087389+01"
"d9773bef-6c9d-47ea-9f33-f306b94860db","Customer 47","CUS047",NULL,"CUSTOMER",NULL,"Strasbourg, France",True,NULL,"2025-02-13 17:49:09.087389+01","2025-02-13 17:49:09.087389+01"
"5781c419-9d80-4fad-a112-4ced14095c1d","Customer 48","CUS048",NULL,"CUSTOMER",NULL,"Lille, France",True,NULL,"2025-02-13 17:49:09.087389+01","2025-02-13 17:49:09.087389+01"
"78348734-fcad-478a-9e33-ba2f64deaef3","Customer 49","CUS049",NULL,"CUSTOMER",NULL,"Nice, France",True,NULL,"2025-02-13 17:49:09.087389+01","2025-02-13 17:49:09.087389+01"
"bcbacc26-b797-4a21-a41f-5a7d39a84116","Customer 50","CUS050",NULL,"CUSTOMER",NULL,"Rennes, France",True,NULL,"2025-02-13 17:49:09.087389+01","2025-02-13 17:49:09.087389+01"
"3f11d51a-e5c4-40ae-863e-42058b77be7e","Customer 51","CUS051",NULL,"CUSTOMER",NULL,"Paris, France",True,NULL,"2025-02-13 17:49:09.087389+01","2025-02-13 17:49:09.087389+01"
"c9c21a26-46f4-4fd6-8200-250a1f10b8ed","Customer 52","CUS052",NULL,"CUSTOMER",NULL,"Lyon, France",True,NULL,"2025-02-13 17:49:09.087389+01","2025-02-13 17:49:09.087389+01"
"1f485a94-f187-42a7-85e1-9adb83087d40","Customer 53","CUS053",NULL,"CUSTOMER",NULL,"Marseille, France",True,NULL,"2025-02-13 17:49:09.087389+01","2025-02-13 17:49:09.087389+01"
"f1152959-0a24-422a-b4c2-e9de2685b3be","Customer 54","CUS054",NULL,"CUSTOMER",NULL,"Bordeaux, France",True,NULL,"2025-02-13 17:49:09.087389+01","2025-02-13 17:49:09.087389+01"
"06e31ff7-b325-48c4-b334-d67d184ee416","Customer 55","CUS055",NULL,"CUSTOMER",NULL,"Toulouse, France",True,NULL,"2025-02-13 17:49:09.087389+01","2025-02-13 17:49:09.087389+01"
"69c1a47e-a4a9-45ac-b8f5-004611efa104","Customer 56","CUS056",NULL,"CUSTOMER",NULL,"Nantes, France",True,NULL,"2025-02-13 17:49:09.087389+01","2025-02-13 17:49:09.087389+01"
"7a144874-9f10-4779-872c-837037355835","Customer 57","CUS057",NULL,"CUSTOMER",NULL,"Strasbourg, France",True,NULL,"2025-02-13 17:49:09.087389+01","2025-02-13 17:49:09.087389+01"
"6b6bba78-9e4a-49f8-86cd-74cdaaa41c8a","Customer 58","CUS058",NULL,"CUSTOMER",NULL,"Lille, France",True,NULL,"2025-02-13 17:49:09.087389+01","2025-02-13 17:49:09.087389+01"
"d65f5b6b-92d0-4b91-ba69-01b5df8b4ade","Customer 59","CUS059",NULL,"CUSTOMER",NULL,"Nice, France",True,NULL,"2025-02-13 17:49:09.087389+01","2025-02-13 17:49:09.087389+01"
"043f30fb-ea22-4b0f-bf35-c1350290eb68","Customer 60","CUS060",NULL,"CUSTOMER",NULL,"Rennes, France",True,NULL,"2025-02-13 17:49:09.087389+01","2025-02-13 17:49:09.087389+01"
"8fe6d952-8e34-4777-a2de-a40a9a7ce839","Customer 61","CUS061",NULL,"CUSTOMER",NULL,"Paris, France",True,NULL,"2025-02-13 17:49:09.087389+01","2025-02-13 17:49:09.087389+01"
"fcc7bf58-be98-4915-8e0b-5ccfdf2913d3","Customer 62","CUS062",NULL,"CUSTOMER",NULL,"Lyon, France",True,NULL,"2025-02-13 17:49:09.087389+01","2025-02-13 17:49:09.087389+01"
"70dba870-289c-4cf6-aa4d-8af7e828c7c4","Customer 63","CUS063",NULL,"CUSTOMER",NULL,"Marseille, France",True,NULL,"2025-02-13 17:49:09.087389+01","2025-02-13 17:49:09.087389+01"
"1921e2f6-a437-4ecf-87ec-2b5e99bd9a01","Customer 64","CUS064",NULL,"CUSTOMER",NULL,"Bordeaux, France",True,NULL,"2025-02-13 17:49:09.087389+01","2025-02-13 17:49:09.087389+01"
"34b97182-2989-4068-9431-6e21bc5e9ae1","Customer 65","CUS065",NULL,"CUSTOMER",NULL,"Toulouse, France",True,NULL,"2025-02-13 17:49:09.087389+01","2025-02-13 17:49:09.087389+01"
"9576a323-87c4-400b-87fe-de34f2b4afd6","Customer 66","CUS066",NULL,"CUSTOMER",NULL,"Nantes, France",True,NULL,"2025-02-13 17:49:09.087389+01","2025-02-13 17:49:09.087389+01"
"79d80370-564a-44f1-8fde-2a9d122d328a","Customer 67","CUS067",NULL,"CUSTOMER",NULL,"Strasbourg, France",True,NULL,"2025-02-13 17:49:09.087389+01","2025-02-13 17:49:09.087389+01"
"233637b3-519b-4289-9fbb-751ba371a273","Customer 68","CUS068",NULL,"CUSTOMER",NULL,"Lille, France",True,NULL,"2025-02-13 17:49:09.087389+01","2025-02-13 17:49:09.087389+01"
"841b29fe-1bd2-4393-81f3-ff07229bab1e","Customer 69","CUS069",NULL,"CUSTOMER",NULL,"Nice, France",True,NULL,"2025-02-13 17:49:09.087389+01","2025-02-13 17:49:09.087389+01"
"9158529b-481b-4dc8-b3c8-d351c520927d","Customer 70","CUS070",NULL,"CUSTOMER",NULL,"Rennes, France",True,NULL,"2025-02-13 17:49:09.087389+01","2025-02-13 17:49:09.087389+01"
"2c1a5fc0-5adf-4623-9801-9e5052ceac50","Customer 71","CUS071",NULL,"CUSTOMER",NULL,"Paris, France",True,NULL,"2025-02-13 17:49:09.087389+01","2025-02-13 17:49:09.087389+01"
"bfdd5329-0721-41bc-8ee6-71816ffaa6bd","Customer 72","CUS072",NULL,"CUSTOMER",NULL,"Lyon, France",True,NULL,"2025-02-13 17:49:09.087389+01","2025-02-13 17:49:09.087389+01"
"79adb8b4-7418-4a2d-a66c-45742f3830e0","Customer 73","CUS073",NULL,"CUSTOMER",NULL,"Marseille, France",True,NULL,"2025-02-13 17:49:09.087389+01","2025-02-13 17:49:09.087389+01"
"c2d01787-679b-4684-90ae-373e7dc7c353","Customer 74","CUS074",NULL,"CUSTOMER",NULL,"Bordeaux, France",True,NULL,"2025-02-13 17:49:09.087389+01","2025-02-13 17:49:09.087389+01"
"a43a9296-a5a7-4b9f-ab09-8eb38de8e44f","Customer 75","CUS075",NULL,"CUSTOMER",NULL,"Toulouse, France",True,NULL,"2025-02-13 17:49:09.087389+01","2025-02-13 17:49:09.087389+01"
"f8f1c772-500b-4f6e-a331-9524a9af0a4d","Customer 76","CUS076",NULL,"CUSTOMER",NULL,"Nantes, France",True,NULL,"2025-02-13 17:49:09.087389+01","2025-02-13 17:49:09.087389+01"
"6516b372-ee6c-4588-843d-bd01222d4ce0","Customer 77","CUS077",NULL,"CUSTOMER",NULL,"Strasbourg, France",True,NULL,"2025-02-13 17:49:09.087389+01","2025-02-13 17:49:09.087389+01"
"b1fe14f7-8460-48fb-9bea-309144fb90d2","Customer 78","CUS078",NULL,"CUSTOMER",NULL,"Lille, France",True,NULL,"2025-02-13 17:49:09.087389+01","2025-02-13 17:49:09.087389+01"
"3ebd6d82-a514-4a48-b991-ab9bffab5322","Customer 79","CUS079",NULL,"CUSTOMER",NULL,"Nice, France",True,NULL,"2025-02-13 17:49:09.087389+01","2025-02-13 17:49:09.087389+01"
"717b8bde-71f7-49a5-9697-e9911925266f","Customer 80","CUS080",NULL,"CUSTOMER",NULL,"Rennes, France",True,NULL,"2025-02-13 17:49:09.087389+01","2025-02-13 17:49:09.087389+01"
"9125f24a-f34f-46c0-ae3a-51414f560224","Département Marketing","MKT002","DPTMKT123","DEPARTMENT","890b70d4-4639-43b3-b651-47866bb7889b","Lyon, France",True,"890b70d4-4639-43b3-b651-47866bb7889b","2025-03-05 17:50:06.204964+01","2025-03-05 17:50:06.204964+01"
